UserID,UserName,Email,CreatedAt
U0000,User_0,user0@example.com,2024-01-01
U0001,User_1,user1@example.com,2024-01-02
U0002,User_2,user2@example.com,2024-01-03
U0003,User_3,user3@example.com,2024-01-04
U0004,User_4,user4@example.com,2024-01-05
U0005,User_5,user5@example.com,2024-01-06
U0006,User_6,user6@example.com,2024-01-07
U0007,User_7,user7@example.com,2024-01-08
U0008,User_8,user8@example.com,2024-01-09
U0009,User_9,user9@example.com,2024-01-10
U0010,User_10,user10@example.com,2024-01-11
U0011,User_11,user11@example.com,2024-01-12
U0012,User_12,user12@example.com,2024-01-13
U0013,User_13,user13@example.com,2024-01-14
U0014,User_14,user14@example.com,2024-01-15
U0015,User_15,user15@example.com,2024-01-16
U0016,User_16,user16@example.com,2024-01-17
U0017,User_17,user17@example.com,2024-01-18
U0018,User_18,user18@example.com,2024-01-19
U0019,User_19,user19@example.com,2024-01-20
U0020,User_20,user20@example.com,2024-01-21
U0021,User_21,user21@example.com,2024-01-22
U0022,User_22,user22@example.com,2024-01-23
U0023,User_23,user23@example.com,2024-01-24
U0024,User_24,user24@example.com,2024-01-25
U0025,User_25,user25@example.com,2024-01-26
U0026,User_26,user26@example.com,2024-01-27
U0027,User_27,user27@example.com,2024-01-28
U0028,User_28,user28@example.com,2024-01-29
U0029,User_29,user29@example.com,2024-01-30
U0030,User_30,user30@example.com,2024-01-31
U0031,User_31,user31@example.com,2024-02-01
U0032,User_32,user32@example.com,2024-02-02
U0033,User_33,user33@example.com,2024-02-03
U0034,User_34,user34@example.com,2024-02-04
U0035,User_35,user35@example.com,2024-02-05
U0036,User_36,user36@example.com,2024-02-06
U0037,User_37,user37@example.com,2024-02-07
U0038,User_38,user38@example.com,2024-02-08
U0039,User_39,user39@example.com,2024-02-09
U0040,User_40,user40@example.com,2024-02-10
U0041,User_41,user41@example.com,2024-02-11
U0042,User_42,user42@example.com,2024-02-12
U0043,User_43,user43@example.com,2024-02-13
U0044,User_44,user44@example.com,2024-02-14
U0045,User_45,user45@example.com,2024-02-15
U0046,User_46,user46@example.com,2024-02-16
U0047,User_47,user47@example.com,2024-02-17
U0048,User_48,user48@example.com,2024-02-18
U0049,User_49,user49@example.com,2024-02-19
U0050,User_50,user50@example.com,2024-02-20
U0051,User_51,user51@example.com,2024-02-21
U0052,User_52,user52@example.com,2024-02-22
U0053,User_53,user53@example.com,2024-02-23
U0054,User_54,user54@example.com,2024-02-24
U0055,User_55,user55@example.com,2024-02-25
U0056,User_56,user56@example.com,2024-02-26
U0057,User_57,user57@example.com,2024-02-27
U0058,User_58,user58@example.com,2024-02-28
U0059,User_59,user59@example.com,2024-02-29
U0060,User_60,user60@example.com,2024-03-01
U0061,User_61,user61@example.com,2024-03-02
U0062,User_62,user62@example.com,2024-03-03
U0063,User_63,user63@example.com,2024-03-04
U0064,User_64,user64@example.com,2024-03-05
U0065,User_65,user65@example.com,2024-03-06
U0066,User_66,user66@example.com,2024-03-07
U0067,User_67,user67@example.com,2024-03-08
U0068,User_68,user68@example.com,2024-03-09
U0069,User_69,user69@example.com,2024-03-10
U0070,User_70,user70@example.com,2024-03-11
U0071,User_71,user71@example.com,2024-03-12
U0072,User_72,user72@example.com,2024-03-13
U0073,User_73,user73@example.com,2024-03-14
U0074,User_74,user74@example.com,2024-03-15
U0075,User_75,user75@example.com,2024-03-16
U0076,User_76,user76@example.com,2024-03-17
U0077,User_77,user77@example.com,2024-03-18
U0078,User_78,user78@example.com,2024-03-19
U0079,User_79,user79@example.com,2024-03-20
U0080,User_80,user80@example.com,2024-03-21
U0081,User_81,user81@example.com,2024-03-22
U0082,User_82,user82@example.com,2024-03-23
U0083,User_83,user83@example.com,2024-03-24
U0084,User_84,user84@example.com,2024-03-25
U0085,User_85,user85@example.com,2024-03-26
U0086,User_86,user86@example.com,2024-03-27
U0087,User_87,user87@example.com,2024-03-28
U0088,User_88,user88@example.com,2024-03-29
U0089,User_89,user89@example.com,2024-03-30
U0090,User_90,user90@example.com,2024-03-31
U0091,User_91,user91@example.com,2024-04-01
U0092,User_92,user92@example.com,2024-04-02
U0093,User_93,user93@example.com,2024-04-03
U0094,User_94,user94@example.com,2024-04-04
U0095,User_95,user95@example.com,2024-04-05
U0096,User_96,user96@example.com,2024-04-06
U0097,User_97,user97@example.com,2024-04-07
U0098,User_98,user98@example.com,2024-04-08
U0099,User_99,user99@example.com,2024-04-09
